,Fall,Spring,Summer,Winter
Fall,0.3126315789473684,0.24789473684210525,0.2093859649122807,0.23008771929824562
Spring,0.2109452736318408,0.34378109452736316,0.22157960199004975,0.22369402985074627
Summer,0.2153054662379421,0.26495176848874596,0.36463022508038584,0.15511254019292606
Winter,0.24657960199004975,0.27804726368159205,0.1708955223880597,0.3044776119402985
